{
  "generation": 2,
  "population_size": 3,
  "best_fitness": 0.104296875,
  "worst_fitness": 0.100634765625,
  "mean_fitness": 0.10185546875,
  "std_fitness": 0.0017263349150062196,
  "median_fitness": 0.100634765625,
  "accuracy_mean": 0.09166666666666667,
  "accuracy_std": 0.0014731391274719755,
  "accuracy_best": 0.09375,
  "latency_mean": 0.0,
  "latency_std": 0.0,
  "latency_best": 0.0,
  "memory_mean": 0.0,
  "memory_std": 0.0,
  "memory_best": 0.0,
  "sparsity_mean": 0.10188802083333333,
  "sparsity_std": 0.0025319578753424552,
  "sparsity_best": 0.10009765625,
  "load_balance_mean": 